2026/10/07 16:07:11.160, 0, NVIDIA GeForce RTX 3090, 51, 117.78, 240.00, 1695, 9751, 0, 5
2026/10/07 16:07:11.162, 1, NVIDIA GeForce RTX 3090, 44, 108.35, 240.00, 1695, 9751, 0, 5
2026/10/07 16:07:11.163, 2, NVIDIA TITAN RTX, 31, 15.14, 240.00, 300, 405, 0, 4
2026/10/07 16:07:12.178, 0, NVIDIA GeForce RTX 3090, 51, 118.42, 240.00, 1695, 9751, 0, 5
2026/10/07 16:07:12.178, 1, NVIDIA GeForce RTX 3090, 44, 108.59, 240.00, 1695, 9751, 0, 5
2026/10/07 16:07:12.178, 2, NVIDIA TITAN RTX, 31, 17.44, 240.00, 300, 405, 0, 4
2026/10/07 16:07:13.189, 0, NVIDIA GeForce RTX 3090, 48, 94.42, 240.00, 435, 810, 0, 5
2026/10/07 16:07:13.190, 1, NVIDIA GeForce RTX 3090, 42, 65.85, 240.00, 435, 810, 0, 5
2026/10/07 16:07:13.190, 2, NVIDIA TITAN RTX, 31, 15.28, 240.00, 300, 405, 0, 4
2026/10/07 16:07:14.200, 0, NVIDIA GeForce RTX 3090, 47, 59.35, 240.00, 255, 405, 0, 5
2026/10/07 16:07:14.201, 1, NVIDIA GeForce RTX 3090, 41, 41.19, 240.00, 255, 405, 0, 5
2026/10/07 16:07:14.202, 2, NVIDIA TITAN RTX, 31, 15.89, 240.00, 300, 405, 0, 4
2026/10/07 16:07:15.212, 0, NVIDIA GeForce RTX 3090, 47, 22.14, 240.00, 210, 405, 0, 5
2026/10/07 16:07:15.213, 1, NVIDIA GeForce RTX 3090, 41, 15.36, 240.00, 210, 405, 0, 5
2026/10/07 16:07:15.214, 2, NVIDIA TITAN RTX, 31, 15.97, 240.00, 300, 405, 0, 4
2026/10/07 16:07:16.224, 0, NVIDIA GeForce RTX 3090, 47, 19.43, 240.00, 210, 405, 0, 18
2026/10/07 16:07:16.229, 1, NVIDIA GeForce RTX 3090, 41, 12.94, 240.00, 1695, 9751, 0, 18
2026/10/07 16:07:16.230, 2, NVIDIA TITAN RTX, 31, 16.08, 240.00, 300, 405, 0, 4
2026/10/07 16:07:17.246, 0, NVIDIA GeForce RTX 3090, 50, 62.17, 240.00, 1695, 9501, 0, 1288
2026/10/07 16:07:17.246, 1, NVIDIA GeForce RTX 3090, 44, 63.18, 240.00, 1695, 9501, 6, 1288
2026/10/07 16:07:17.246, 2, NVIDIA TITAN RTX, 31, 16.11, 240.00, 300, 405, 0, 4
2026/10/07 16:07:18.256, 0, NVIDIA GeForce RTX 3090, 55, 179.94, 240.00, 1605, 9501, 91, 5594
2026/10/07 16:07:18.257, 1, NVIDIA GeForce RTX 3090, 49, 146.94, 240.00, 1830, 9501, 41, 5590
2026/10/07 16:07:18.258, 2, NVIDIA TITAN RTX, 31, 15.96, 240.00, 300, 405, 0, 4
2026/10/07 16:07:19.268, 0, NVIDIA GeForce RTX 3090, 55, 232.80, 240.00, 1680, 9501, 90, 5594
2026/10/07 16:07:19.268, 1, NVIDIA GeForce RTX 3090, 49, 231.54, 240.00, 1860, 9501, 92, 5592
2026/10/07 16:07:19.269, 2, NVIDIA TITAN RTX, 31, 16.06, 240.00, 300, 405, 0, 4
2026/10/07 16:07:20.279, 0, NVIDIA GeForce RTX 3090, 55, 219.42, 240.00, 1575, 9501, 93, 5594
2026/10/07 16:07:20.280, 1, NVIDIA GeForce RTX 3090, 50, 221.07, 240.00, 1800, 9501, 88, 5594
2026/10/07 16:07:20.281, 2, NVIDIA TITAN RTX, 31, 18.73, 240.00, 300, 405, 0, 4
2026/10/07 16:07:21.291, 0, NVIDIA GeForce RTX 3090, 55, 233.21, 240.00, 1665, 9501, 89, 5600
2026/10/07 16:07:21.292, 1, NVIDIA GeForce RTX 3090, 49, 236.00, 240.00, 1815, 9501, 93, 5596
2026/10/07 16:07:21.292, 2, NVIDIA TITAN RTX, 31, 15.96, 240.00, 300, 405, 0, 4
2026/10/07 16:07:22.302, 0, NVIDIA GeForce RTX 3090, 56, 232.35, 240.00, 1755, 9501, 91, 5600
2026/10/07 16:07:22.302, 1, NVIDIA GeForce RTX 3090, 50, 233.99, 240.00, 1740, 9501, 89, 5604
2026/10/07 16:07:22.303, 2, NVIDIA TITAN RTX, 32, 16.06, 240.00, 300, 405, 0, 4
2026/10/07 16:07:23.313, 0, NVIDIA GeForce RTX 3090, 56, 233.86, 240.00, 1605, 9501, 92, 5600
2026/10/07 16:07:23.313, 1, NVIDIA GeForce RTX 3090, 50, 233.65, 240.00, 1800, 9501, 88, 5604
2026/10/07 16:07:23.314, 2, NVIDIA TITAN RTX, 31, 15.90, 240.00, 300, 405, 0, 4
2026/10/07 16:07:24.324, 0, NVIDIA GeForce RTX 3090, 56, 237.03, 240.00, 1650, 9501, 87, 5600
2026/10/07 16:07:24.324, 1, NVIDIA GeForce RTX 3090, 50, 234.81, 240.00, 1710, 9501, 92, 5604
2026/10/07 16:07:24.325, 2, NVIDIA TITAN RTX, 31, 15.84, 240.00, 300, 405, 0, 4
2026/10/07 16:07:25.335, 0, NVIDIA GeForce RTX 3090, 57, 234.97, 240.00, 1785, 9501, 88, 5604
2026/10/07 16:07:25.335, 1, NVIDIA GeForce RTX 3090, 50, 236.41, 240.00, 1740, 9501, 92, 5604
2026/10/07 16:07:25.336, 2, NVIDIA TITAN RTX, 31, 15.56, 240.00, 300, 405, 0, 4
2026/10/07 16:07:26.346, 0, NVIDIA GeForce RTX 3090, 57, 237.40, 240.00, 1650, 9501, 93, 5604
2026/10/07 16:07:26.347, 1, NVIDIA GeForce RTX 3090, 51, 234.08, 240.00, 1665, 9501, 87, 5604
2026/10/07 16:07:26.348, 2, NVIDIA TITAN RTX, 31, 15.43, 240.00, 300, 405, 0, 4
2026/10/07 16:07:27.358, 0, NVIDIA GeForce RTX 3090, 57, 234.31, 240.00, 1725, 9501, 90, 5604
2026/10/07 16:07:27.358, 1, NVIDIA GeForce RTX 3090, 50, 231.92, 240.00, 1875, 9501, 92, 5604
2026/10/07 16:07:27.359, 2, NVIDIA TITAN RTX, 31, 15.38, 240.00, 300, 405, 0, 4
2026/10/07 16:07:28.369, 0, NVIDIA GeForce RTX 3090, 57, 233.55, 240.00, 1575, 9501, 92, 5604
2026/10/07 16:07:28.369, 1, NVIDIA GeForce RTX 3090, 51, 231.50, 240.00, 1725, 9501, 89, 5604
2026/10/07 16:07:28.369, 2, NVIDIA TITAN RTX, 31, 15.30, 240.00, 300, 405, 0, 4
2026/10/07 16:07:29.379, 0, NVIDIA GeForce RTX 3090, 57, 235.45, 240.00, 1725, 9501, 89, 5604
2026/10/07 16:07:29.380, 1, NVIDIA GeForce RTX 3090, 51, 235.13, 240.00, 1680, 9501, 92, 5604
2026/10/07 16:07:29.381, 2, NVIDIA TITAN RTX, 31, 15.28, 240.00, 300, 405, 0, 4
2026/10/07 16:07:30.392, 0, NVIDIA GeForce RTX 3090, 57, 235.62, 240.00, 1590, 9501, 90, 5604
2026/10/07 16:07:30.392, 1, NVIDIA GeForce RTX 3090, 52, 230.75, 240.00, 1785, 9501, 90, 5604
2026/10/07 16:07:30.392, 2, NVIDIA TITAN RTX, 31, 15.41, 240.00, 300, 405, 0, 4
2026/10/07 16:07:31.403, 0, NVIDIA GeForce RTX 3090, 57, 235.75, 240.00, 1725, 9501, 88, 5604
2026/10/07 16:07:31.403, 1, NVIDIA GeForce RTX 3090, 51, 233.81, 240.00, 1680, 9501, 93, 5604
2026/10/07 16:07:31.403, 2, NVIDIA TITAN RTX, 31, 15.47, 240.00, 300, 405, 0, 4
2026/10/07 16:07:32.414, 0, NVIDIA GeForce RTX 3090, 58, 234.86, 240.00, 1635, 9501, 91, 5604
2026/10/07 16:07:32.414, 1, NVIDIA GeForce RTX 3090, 52, 236.12, 240.00, 1665, 9501, 89, 5604
2026/10/07 16:07:32.414, 2, NVIDIA TITAN RTX, 31, 15.43, 240.00, 300, 405, 0, 4
2026/10/07 16:07:33.424, 0, NVIDIA GeForce RTX 3090, 58, 235.91, 240.00, 1560, 9501, 92, 5604
2026/10/07 16:07:33.425, 1, NVIDIA GeForce RTX 3090, 52, 234.48, 240.00, 1770, 9501, 89, 5604
2026/10/07 16:07:33.425, 2, NVIDIA TITAN RTX, 31, 15.52, 240.00, 300, 405, 0, 4
2026/10/07 16:07:34.436, 0, NVIDIA GeForce RTX 3090, 58, 234.57, 240.00, 1785, 9501, 89, 5604
2026/10/07 16:07:34.437, 1, NVIDIA GeForce RTX 3090, 52, 234.27, 240.00, 1680, 9501, 91, 5604
2026/10/07 16:07:34.437, 2, NVIDIA TITAN RTX, 31, 15.50, 240.00, 300, 405, 0, 4
2026/10/07 16:07:35.448, 0, NVIDIA GeForce RTX 3090, 58, 235.19, 240.00, 1740, 9501, 89, 5604
2026/10/07 16:07:35.448, 1, NVIDIA GeForce RTX 3090, 52, 234.76, 240.00, 1620, 9501, 91, 5604
2026/10/07 16:07:35.449, 2, NVIDIA TITAN RTX, 31, 15.35, 240.00, 300, 405, 0, 4
2026/10/07 16:07:36.459, 0, NVIDIA GeForce RTX 3090, 58, 233.90, 240.00, 1590, 9501, 89, 5604
2026/10/07 16:07:36.459, 1, NVIDIA GeForce RTX 3090, 52, 232.56, 240.00, 1710, 9501, 89, 5604
2026/10/07 16:07:36.460, 2, NVIDIA TITAN RTX, 31, 15.84, 240.00, 300, 405, 0, 4
2026/10/07 16:07:37.469, 0, NVIDIA GeForce RTX 3090, 58, 235.29, 240.00, 1725, 9501, 90, 5604
2026/10/07 16:07:37.470, 1, NVIDIA GeForce RTX 3090, 52, 234.26, 240.00, 1605, 9501, 93, 5604
2026/10/07 16:07:37.470, 2, NVIDIA TITAN RTX, 31, 15.47, 240.00, 300, 405, 0, 4
2026/10/07 16:07:38.481, 0, NVIDIA GeForce RTX 3090, 58, 234.19, 240.00, 1635, 9501, 91, 5604
2026/10/07 16:07:38.481, 1, NVIDIA GeForce RTX 3090, 53, 234.60, 240.00, 1800, 9501, 90, 5604
2026/10/07 16:07:38.482, 2, NVIDIA TITAN RTX, 31, 15.50, 240.00, 300, 405, 0, 4
2026/10/07 16:07:39.492, 0, NVIDIA GeForce RTX 3090, 58, 236.27, 240.00, 1620, 9501, 89, 5604
2026/10/07 16:07:39.492, 1, NVIDIA GeForce RTX 3090, 53, 233.51, 240.00, 1785, 9501, 91, 5604
2026/10/07 16:07:39.493, 2, NVIDIA TITAN RTX, 31, 15.42, 240.00, 300, 405, 0, 4
2026/10/07 16:07:40.503, 0, NVIDIA GeForce RTX 3090, 59, 234.85, 240.00, 1725, 9501, 90, 5604
2026/10/07 16:07:40.504, 1, NVIDIA GeForce RTX 3090, 53, 233.67, 240.00, 1695, 9501, 93, 5604
2026/10/07 16:07:40.505, 2, NVIDIA TITAN RTX, 31, 15.42, 240.00, 300, 405, 0, 4
2026/10/07 16:07:41.515, 0, NVIDIA GeForce RTX 3090, 59, 235.50, 240.00, 1665, 9501, 93, 5604
2026/10/07 16:07:41.515, 1, NVIDIA GeForce RTX 3090, 53, 234.80, 240.00, 1710, 9501, 90, 5604
2026/10/07 16:07:41.516, 2, NVIDIA TITAN RTX, 31, 15.39, 240.00, 300, 405, 0, 4
2026/10/07 16:07:42.526, 0, NVIDIA GeForce RTX 3090, 59, 236.65, 240.00, 1740, 9501, 87, 5604
2026/10/07 16:07:42.526, 1, NVIDIA GeForce RTX 3090, 53, 233.42, 240.00, 1680, 9501, 92, 5604
2026/10/07 16:07:42.527, 2, NVIDIA TITAN RTX, 31, 15.24, 240.00, 300, 405, 0, 4
2026/10/07 16:07:43.536, 0, NVIDIA GeForce RTX 3090, 59, 234.99, 240.00, 1650, 9501, 93, 5604
2026/10/07 16:07:43.537, 1, NVIDIA GeForce RTX 3090, 53, 233.49, 240.00, 1710, 9501, 88, 5604
2026/10/07 16:07:43.538, 2, NVIDIA TITAN RTX, 31, 15.89, 240.00, 300, 405, 0, 4
2026/10/07 16:07:44.548, 0, NVIDIA GeForce RTX 3090, 57, 196.67, 240.00, 1950, 9501, 9, 5140
2026/10/07 16:07:44.548, 1, NVIDIA GeForce RTX 3090, 51, 211.31, 240.00, 1935, 9501, 0, 5140
2026/10/07 16:07:44.549, 2, NVIDIA TITAN RTX, 31, 15.38, 240.00, 300, 405, 0, 4
2026/10/07 16:07:45.559, 0, NVIDIA GeForce RTX 3090, 57, 145.47, 240.00, 1950, 9501, 0, 5064
2026/10/07 16:07:45.559, 1, NVIDIA GeForce RTX 3090, 51, 134.03, 240.00, 1935, 9501, 0, 5064
2026/10/07 16:07:45.560, 2, NVIDIA TITAN RTX, 31, 18.69, 240.00, 300, 405, 0, 4
