2026/10/07 15:13:13.755, 0, NVIDIA GeForce RTX 3090, 65, 156.88, 240.00, 1920, 9751, 0, 5
2026/10/07 15:13:13.757, 1, NVIDIA GeForce RTX 3090, 56, 142.33, 240.00, 1950, 9751, 100, 5
2026/10/07 15:13:13.758, 2, NVIDIA TITAN RTX, 31, 16.14, 240.00, 300, 405, 0, 4
2026/10/07 15:13:14.770, 0, NVIDIA GeForce RTX 3090, 65, 155.38, 240.00, 1920, 9751, 0, 5
2026/10/07 15:13:14.770, 1, NVIDIA GeForce RTX 3090, 55, 143.47, 240.00, 1950, 9751, 0, 5
2026/10/07 15:13:14.770, 2, NVIDIA TITAN RTX, 31, 18.11, 240.00, 300, 405, 0, 4
2026/10/07 15:13:15.781, 0, NVIDIA GeForce RTX 3090, 63, 147.64, 240.00, 390, 5001, 0, 5
2026/10/07 15:13:15.782, 1, NVIDIA GeForce RTX 3090, 55, 142.21, 240.00, 1950, 9751, 0, 5
2026/10/07 15:13:15.782, 2, NVIDIA TITAN RTX, 31, 15.81, 240.00, 300, 405, 0, 4
2026/10/07 15:13:16.793, 0, NVIDIA GeForce RTX 3090, 62, 115.21, 240.00, 255, 5001, 0, 5
2026/10/07 15:13:16.793, 1, NVIDIA GeForce RTX 3090, 53, 135.21, 240.00, 390, 5001, 0, 5
2026/10/07 15:13:16.793, 2, NVIDIA TITAN RTX, 31, 18.17, 240.00, 300, 405, 0, 4
2026/10/07 15:13:17.804, 0, NVIDIA GeForce RTX 3090, 62, 83.14, 240.00, 210, 5001, 0, 5
2026/10/07 15:13:17.804, 1, NVIDIA GeForce RTX 3090, 53, 103.95, 240.00, 255, 5001, 0, 5
2026/10/07 15:13:17.804, 2, NVIDIA TITAN RTX, 31, 15.80, 240.00, 300, 405, 0, 4
2026/10/07 15:13:18.815, 0, NVIDIA GeForce RTX 3090, 62, 40.24, 240.00, 1695, 9501, 0, 264
2026/10/07 15:13:18.815, 1, NVIDIA GeForce RTX 3090, 53, 72.54, 240.00, 210, 5001, 0, 264
2026/10/07 15:13:18.815, 2, NVIDIA TITAN RTX, 31, 16.06, 240.00, 300, 405, 0, 4
2026/10/07 15:13:19.826, 0, NVIDIA GeForce RTX 3090, 63, 124.18, 240.00, 1695, 9501, 0, 940
2026/10/07 15:13:19.827, 1, NVIDIA GeForce RTX 3090, 54, 70.23, 240.00, 1695, 9501, 0, 816
2026/10/07 15:13:19.827, 2, NVIDIA TITAN RTX, 31, 15.83, 240.00, 300, 405, 0, 4
2026/10/07 15:13:20.838, 0, NVIDIA GeForce RTX 3090, 66, 175.86, 240.00, 1575, 9501, 41, 8534
2026/10/07 15:13:20.838, 1, NVIDIA GeForce RTX 3090, 56, 131.14, 240.00, 1635, 9501, 96, 8534
2026/10/07 15:13:20.838, 2, NVIDIA TITAN RTX, 31, 16.17, 240.00, 300, 405, 0, 4
2026/10/07 15:13:21.851, 0, NVIDIA GeForce RTX 3090, 67, 233.81, 240.00, 1455, 9501, 98, 8534
2026/10/07 15:13:21.852, 1, NVIDIA GeForce RTX 3090, 57, 231.40, 240.00, 1785, 9501, 99, 10106
2026/10/07 15:13:21.852, 2, NVIDIA TITAN RTX, 31, 15.15, 240.00, 300, 405, 0, 4
2026/10/07 15:13:22.862, 0, NVIDIA GeForce RTX 3090, 67, 237.32, 240.00, 1575, 9501, 100, 8534
2026/10/07 15:13:22.863, 1, NVIDIA GeForce RTX 3090, 58, 236.43, 240.00, 1605, 9501, 98, 10106
2026/10/07 15:13:22.863, 2, NVIDIA TITAN RTX, 31, 15.25, 240.00, 300, 405, 0, 4
2026/10/07 15:13:23.873, 0, NVIDIA GeForce RTX 3090, 67, 224.18, 240.00, 1500, 9501, 80, 8534
2026/10/07 15:13:23.874, 1, NVIDIA GeForce RTX 3090, 58, 228.12, 240.00, 1785, 9501, 99, 10106
2026/10/07 15:13:23.874, 2, NVIDIA TITAN RTX, 31, 15.26, 240.00, 300, 405, 0, 4
2026/10/07 15:13:24.885, 0, NVIDIA GeForce RTX 3090, 67, 238.47, 240.00, 1470, 9501, 96, 8534
2026/10/07 15:13:24.885, 1, NVIDIA GeForce RTX 3090, 58, 226.52, 240.00, 1620, 9501, 98, 10106
2026/10/07 15:13:24.886, 2, NVIDIA TITAN RTX, 31, 15.30, 240.00, 300, 405, 0, 4
2026/10/07 15:13:25.896, 0, NVIDIA GeForce RTX 3090, 67, 238.10, 240.00, 1575, 9501, 99, 8534
2026/10/07 15:13:25.896, 1, NVIDIA GeForce RTX 3090, 58, 236.58, 240.00, 1620, 9501, 99, 10106
2026/10/07 15:13:25.897, 2, NVIDIA TITAN RTX, 31, 15.36, 240.00, 300, 405, 0, 4
2026/10/07 15:13:26.907, 0, NVIDIA GeForce RTX 3090, 66, 228.21, 240.00, 1920, 9501, 0, 8534
2026/10/07 15:13:26.908, 1, NVIDIA GeForce RTX 3090, 58, 237.64, 240.00, 1635, 9501, 95, 10106
2026/10/07 15:13:26.908, 2, NVIDIA TITAN RTX, 31, 15.31, 240.00, 300, 405, 0, 4
2026/10/07 15:13:27.918, 0, NVIDIA GeForce RTX 3090, 65, 151.94, 240.00, 1920, 9501, 0, 7994
2026/10/07 15:13:27.919, 1, NVIDIA GeForce RTX 3090, 56, 140.43, 240.00, 1950, 9501, 0, 9566
2026/10/07 15:13:27.919, 2, NVIDIA TITAN RTX, 31, 15.31, 240.00, 300, 405, 0, 4
2026/10/07 15:13:28.930, 0, NVIDIA GeForce RTX 3090, 64, 145.90, 240.00, 1695, 9751, 33, 5
2026/10/07 15:13:28.930, 1, NVIDIA GeForce RTX 3090, 56, 132.33, 240.00, 1950, 9751, 74, 5
2026/10/07 15:13:28.930, 2, NVIDIA TITAN RTX, 31, 15.27, 240.00, 300, 405, 0, 4
