2026/10/07 15:34:54.795, 0, NVIDIA GeForce RTX 3090, 52, 141.15, 240.00, 1965, 9751, 0, 5
2026/10/07 15:34:54.796, 1, NVIDIA GeForce RTX 3090, 46, 129.70, 240.00, 1950, 9751, 0, 5
2026/10/07 15:34:54.797, 2, NVIDIA TITAN RTX, 31, 15.81, 240.00, 300, 405, 0, 4
2026/10/07 15:34:55.809, 0, NVIDIA GeForce RTX 3090, 50, 131.06, 240.00, 1965, 9751, 0, 5
2026/10/07 15:34:55.809, 1, NVIDIA GeForce RTX 3090, 46, 134.10, 240.00, 1950, 9751, 0, 5
2026/10/07 15:34:55.810, 2, NVIDIA TITAN RTX, 31, 17.44, 240.00, 300, 405, 0, 4
2026/10/07 15:34:56.820, 0, NVIDIA GeForce RTX 3090, 49, 105.50, 240.00, 480, 5001, 0, 5
2026/10/07 15:34:56.821, 1, NVIDIA GeForce RTX 3090, 46, 127.32, 240.00, 390, 5001, 0, 5
2026/10/07 15:34:56.821, 2, NVIDIA TITAN RTX, 31, 15.24, 240.00, 300, 405, 0, 4
2026/10/07 15:34:57.832, 0, NVIDIA GeForce RTX 3090, 47, 58.81, 240.00, 300, 5001, 0, 5
2026/10/07 15:34:57.832, 1, NVIDIA GeForce RTX 3090, 44, 98.68, 240.00, 255, 5001, 0, 5
2026/10/07 15:34:57.833, 2, NVIDIA TITAN RTX, 31, 15.20, 240.00, 300, 405, 0, 4
2026/10/07 15:34:58.843, 0, NVIDIA GeForce RTX 3090, 46, 29.60, 240.00, 210, 810, 0, 5
2026/10/07 15:34:58.844, 1, NVIDIA GeForce RTX 3090, 44, 43.31, 240.00, 210, 810, 0, 5
2026/10/07 15:34:58.844, 2, NVIDIA TITAN RTX, 31, 15.40, 240.00, 300, 405, 0, 4
2026/10/07 15:34:59.855, 0, NVIDIA GeForce RTX 3090, 46, 20.74, 240.00, 210, 405, 0, 18
2026/10/07 15:34:59.862, 1, NVIDIA GeForce RTX 3090, 44, 29.75, 240.00, 210, 810, 0, 18
2026/10/07 15:34:59.864, 2, NVIDIA TITAN RTX, 31, 16.03, 240.00, 300, 405, 0, 4
2026/10/07 15:35:00.881, 0, NVIDIA GeForce RTX 3090, 50, 59.41, 240.00, 1695, 9501, 0, 816
2026/10/07 15:35:00.881, 1, NVIDIA GeForce RTX 3090, 45, 107.92, 240.00, 1695, 9501, 0, 816
2026/10/07 15:35:00.882, 2, NVIDIA TITAN RTX, 31, 15.47, 240.00, 300, 405, 0, 4
2026/10/07 15:35:01.892, 0, NVIDIA GeForce RTX 3090, 53, 131.08, 240.00, 1545, 9501, 59, 15866
2026/10/07 15:35:01.892, 1, NVIDIA GeForce RTX 3090, 49, 152.70, 240.00, 1590, 9501, 87, 15866
2026/10/07 15:35:01.893, 2, NVIDIA TITAN RTX, 31, 15.52, 240.00, 300, 405, 0, 4
2026/10/07 15:35:02.903, 0, NVIDIA GeForce RTX 3090, 53, 231.98, 240.00, 1455, 9501, 100, 15890
2026/10/07 15:35:02.904, 1, NVIDIA GeForce RTX 3090, 49, 237.94, 240.00, 1515, 9501, 99, 15890
2026/10/07 15:35:02.904, 2, NVIDIA TITAN RTX, 31, 15.47, 240.00, 300, 405, 0, 4
2026/10/07 15:35:03.915, 0, NVIDIA GeForce RTX 3090, 55, 237.32, 240.00, 1470, 9501, 99, 15890
2026/10/07 15:35:03.915, 1, NVIDIA GeForce RTX 3090, 49, 235.99, 240.00, 1875, 9501, 100, 15890
2026/10/07 15:35:03.916, 2, NVIDIA TITAN RTX, 31, 15.29, 240.00, 300, 405, 0, 4
2026/10/07 15:35:04.926, 0, NVIDIA GeForce RTX 3090, 55, 239.01, 240.00, 1515, 9501, 100, 15890
2026/10/07 15:35:04.926, 1, NVIDIA GeForce RTX 3090, 50, 237.67, 240.00, 1590, 9501, 100, 15890
2026/10/07 15:35:04.927, 2, NVIDIA TITAN RTX, 31, 15.30, 240.00, 300, 405, 0, 4
2026/10/07 15:35:05.937, 0, NVIDIA GeForce RTX 3090, 54, 238.79, 240.00, 1500, 9501, 100, 15890
2026/10/07 15:35:05.937, 1, NVIDIA GeForce RTX 3090, 50, 239.05, 240.00, 1545, 9501, 99, 15890
2026/10/07 15:35:05.938, 2, NVIDIA TITAN RTX, 31, 15.37, 240.00, 300, 405, 0, 4
2026/10/07 15:35:06.948, 0, NVIDIA GeForce RTX 3090, 55, 238.12, 240.00, 1275, 9501, 99, 15890
2026/10/07 15:35:06.949, 1, NVIDIA GeForce RTX 3090, 49, 235.54, 240.00, 1650, 9501, 98, 15890
2026/10/07 15:35:06.949, 2, NVIDIA TITAN RTX, 31, 17.26, 240.00, 300, 405, 0, 4
2026/10/07 15:35:07.960, 0, NVIDIA GeForce RTX 3090, 55, 238.72, 240.00, 1590, 9501, 100, 15890
2026/10/07 15:35:07.960, 1, NVIDIA GeForce RTX 3090, 50, 237.26, 240.00, 1590, 9501, 100, 15890
2026/10/07 15:35:07.961, 2, NVIDIA TITAN RTX, 31, 15.17, 240.00, 300, 405, 0, 4
2026/10/07 15:35:08.971, 0, NVIDIA GeForce RTX 3090, 55, 238.75, 240.00, 1515, 9501, 100, 15890
2026/10/07 15:35:08.971, 1, NVIDIA GeForce RTX 3090, 50, 238.93, 240.00, 1560, 9501, 99, 15890
2026/10/07 15:35:08.972, 2, NVIDIA TITAN RTX, 31, 16.75, 240.00, 300, 405, 0, 4
2026/10/07 15:35:09.982, 0, NVIDIA GeForce RTX 3090, 56, 238.66, 240.00, 1290, 9501, 99, 15890
2026/10/07 15:35:09.983, 1, NVIDIA GeForce RTX 3090, 51, 237.25, 240.00, 1575, 9501, 97, 15890
2026/10/07 15:35:09.983, 2, NVIDIA TITAN RTX, 31, 15.13, 240.00, 300, 405, 0, 4
2026/10/07 15:35:10.994, 0, NVIDIA GeForce RTX 3090, 56, 238.42, 240.00, 1470, 9501, 98, 15890
2026/10/07 15:35:10.994, 1, NVIDIA GeForce RTX 3090, 51, 237.45, 240.00, 1590, 9501, 100, 15890
2026/10/07 15:35:10.995, 2, NVIDIA TITAN RTX, 31, 15.15, 240.00, 300, 405, 0, 4
2026/10/07 15:35:12.007, 0, NVIDIA GeForce RTX 3090, 56, 238.38, 240.00, 1515, 9501, 100, 15890
2026/10/07 15:35:12.008, 1, NVIDIA GeForce RTX 3090, 51, 239.02, 240.00, 1605, 9501, 99, 15890
2026/10/07 15:35:12.008, 2, NVIDIA TITAN RTX, 31, 15.07, 240.00, 300, 405, 0, 4
2026/10/07 15:35:13.019, 0, NVIDIA GeForce RTX 3090, 56, 238.66, 240.00, 1350, 9501, 99, 15890
2026/10/07 15:35:13.019, 1, NVIDIA GeForce RTX 3090, 51, 238.43, 240.00, 1575, 9501, 97, 15890
2026/10/07 15:35:13.019, 2, NVIDIA TITAN RTX, 31, 15.43, 240.00, 300, 405, 0, 4
2026/10/07 15:35:14.029, 0, NVIDIA GeForce RTX 3090, 57, 238.50, 240.00, 1485, 9501, 98, 15890
2026/10/07 15:35:14.030, 1, NVIDIA GeForce RTX 3090, 51, 237.42, 240.00, 1590, 9501, 100, 15890
2026/10/07 15:35:14.031, 2, NVIDIA TITAN RTX, 31, 15.26, 240.00, 300, 405, 0, 4
2026/10/07 15:35:15.041, 0, NVIDIA GeForce RTX 3090, 57, 238.46, 240.00, 1515, 9501, 100, 15890
2026/10/07 15:35:15.042, 1, NVIDIA GeForce RTX 3090, 51, 239.52, 240.00, 1605, 9501, 99, 15890
2026/10/07 15:35:15.042, 2, NVIDIA TITAN RTX, 31, 15.16, 240.00, 300, 405, 0, 4
2026/10/07 15:35:16.053, 0, NVIDIA GeForce RTX 3090, 56, 238.92, 240.00, 1485, 9501, 99, 15890
2026/10/07 15:35:16.053, 1, NVIDIA GeForce RTX 3090, 52, 238.25, 240.00, 1575, 9501, 96, 15890
2026/10/07 15:35:16.054, 2, NVIDIA TITAN RTX, 31, 15.24, 240.00, 300, 405, 0, 4
2026/10/07 15:35:17.064, 0, NVIDIA GeForce RTX 3090, 57, 236.64, 240.00, 1815, 9501, 88, 15350
2026/10/07 15:35:17.064, 1, NVIDIA GeForce RTX 3090, 50, 214.05, 240.00, 1965, 9501, 2, 15350
2026/10/07 15:35:17.065, 2, NVIDIA TITAN RTX, 31, 15.36, 240.00, 300, 405, 0, 4
2026/10/07 15:35:18.075, 0, NVIDIA GeForce RTX 3090, 55, 153.69, 240.00, 1950, 9501, 0, 15350
2026/10/07 15:35:18.107, 1, NVIDIA GeForce RTX 3090, 49, 133.23, 240.00, 1965, 9501, 0, 5
2026/10/07 15:35:18.107, 2, NVIDIA TITAN RTX, 31, 15.37, 240.00, 300, 405, 0, 4
