2026/10/07 15:07:42.563, 0, NVIDIA GeForce RTX 3090, 53, 139.01, 240.00, 1950, 9751, 0, 5
2026/10/07 15:07:42.564, 1, NVIDIA GeForce RTX 3090, 48, 128.15, 240.00, 1950, 9751, 0, 5
2026/10/07 15:07:42.565, 2, NVIDIA TITAN RTX, 31, 15.39, 240.00, 300, 405, 0, 4
2026/10/07 15:07:43.578, 0, NVIDIA GeForce RTX 3090, 53, 140.16, 240.00, 1950, 9751, 0, 5
2026/10/07 15:07:43.578, 1, NVIDIA GeForce RTX 3090, 47, 133.54, 240.00, 1950, 9751, 0, 5
2026/10/07 15:07:43.578, 2, NVIDIA TITAN RTX, 31, 17.61, 240.00, 300, 405, 0, 4
2026/10/07 15:07:44.588, 0, NVIDIA GeForce RTX 3090, 52, 138.33, 240.00, 390, 5001, 0, 5
2026/10/07 15:07:44.589, 1, NVIDIA GeForce RTX 3090, 47, 128.82, 240.00, 390, 5001, 0, 5
2026/10/07 15:07:44.589, 2, NVIDIA TITAN RTX, 31, 15.44, 240.00, 300, 405, 0, 4
2026/10/07 15:07:45.599, 0, NVIDIA GeForce RTX 3090, 51, 109.53, 240.00, 255, 5001, 0, 5
2026/10/07 15:07:45.600, 1, NVIDIA GeForce RTX 3090, 45, 99.65, 240.00, 255, 5001, 0, 5
2026/10/07 15:07:45.600, 2, NVIDIA TITAN RTX, 31, 17.29, 240.00, 300, 405, 0, 4
2026/10/07 15:07:46.611, 0, NVIDIA GeForce RTX 3090, 51, 80.87, 240.00, 210, 5001, 0, 5
2026/10/07 15:07:46.611, 1, NVIDIA GeForce RTX 3090, 45, 70.51, 240.00, 210, 5001, 0, 5
2026/10/07 15:07:46.612, 2, NVIDIA TITAN RTX, 31, 15.63, 240.00, 300, 405, 0, 4
2026/10/07 15:07:47.622, 0, NVIDIA GeForce RTX 3090, 51, 66.21, 240.00, 210, 810, 0, 264
2026/10/07 15:07:47.623, 1, NVIDIA GeForce RTX 3090, 43, 56.72, 240.00, 1695, 9751, 0, 264
2026/10/07 15:07:47.623, 2, NVIDIA TITAN RTX, 31, 17.41, 240.00, 300, 405, 0, 4
2026/10/07 15:07:48.633, 0, NVIDIA GeForce RTX 3090, 52, 91.25, 240.00, 1695, 9501, 0, 1082
2026/10/07 15:07:48.633, 1, NVIDIA GeForce RTX 3090, 46, 108.30, 240.00, 1695, 9501, 0, 1162
2026/10/07 15:07:48.634, 2, NVIDIA TITAN RTX, 31, 15.40, 240.00, 300, 405, 0, 4
2026/10/07 15:07:49.644, 0, NVIDIA GeForce RTX 3090, 55, 135.54, 240.00, 1710, 9501, 32, 7456
2026/10/07 15:07:49.645, 1, NVIDIA GeForce RTX 3090, 49, 148.60, 240.00, 1575, 9501, 98, 7456
2026/10/07 15:07:49.645, 2, NVIDIA TITAN RTX, 31, 16.89, 240.00, 300, 405, 0, 4
2026/10/07 15:07:50.677, 0, NVIDIA GeForce RTX 3090, 56, 234.60, 240.00, 1560, 9501, 98, 7456
2026/10/07 15:07:50.677, 1, NVIDIA GeForce RTX 3090, 50, 235.21, 240.00, 1575, 9501, 97, 7456
2026/10/07 15:07:50.677, 2, NVIDIA TITAN RTX, 31, 15.37, 240.00, 300, 405, 0, 4
2026/10/07 15:07:51.688, 0, NVIDIA GeForce RTX 3090, 56, 237.85, 240.00, 1470, 9501, 98, 7456
2026/10/07 15:07:51.689, 1, NVIDIA GeForce RTX 3090, 50, 237.90, 240.00, 1500, 9501, 98, 7456
2026/10/07 15:07:51.689, 2, NVIDIA TITAN RTX, 31, 15.43, 240.00, 300, 405, 0, 4
2026/10/07 15:07:52.700, 0, NVIDIA GeForce RTX 3090, 57, 238.59, 240.00, 1605, 9501, 96, 7456
2026/10/07 15:07:52.700, 1, NVIDIA GeForce RTX 3090, 51, 238.30, 240.00, 1620, 9501, 97, 7456
2026/10/07 15:07:52.700, 2, NVIDIA TITAN RTX, 31, 15.33, 240.00, 300, 405, 0, 4
2026/10/07 15:07:53.711, 0, NVIDIA GeForce RTX 3090, 57, 238.42, 240.00, 1605, 9501, 97, 7456
2026/10/07 15:07:53.713, 1, NVIDIA GeForce RTX 3090, 51, 238.72, 240.00, 1530, 9501, 97, 7456
2026/10/07 15:07:53.713, 2, NVIDIA TITAN RTX, 31, 15.23, 240.00, 300, 405, 0, 4
2026/10/07 15:07:54.723, 0, NVIDIA GeForce RTX 3090, 57, 238.61, 240.00, 1560, 9501, 98, 7456
2026/10/07 15:07:54.724, 1, NVIDIA GeForce RTX 3090, 51, 237.95, 240.00, 1590, 9501, 98, 7456
2026/10/07 15:07:54.725, 2, NVIDIA TITAN RTX, 31, 15.36, 240.00, 300, 405, 0, 4
2026/10/07 15:07:55.735, 0, NVIDIA GeForce RTX 3090, 57, 237.69, 240.00, 1530, 9501, 98, 7456
2026/10/07 15:07:55.736, 1, NVIDIA GeForce RTX 3090, 51, 238.23, 240.00, 1605, 9501, 98, 7456
2026/10/07 15:07:55.736, 2, NVIDIA TITAN RTX, 31, 15.51, 240.00, 300, 405, 0, 4
2026/10/07 15:07:56.746, 0, NVIDIA GeForce RTX 3090, 57, 238.72, 240.00, 1605, 9501, 98, 7456
2026/10/07 15:07:56.747, 1, NVIDIA GeForce RTX 3090, 51, 238.61, 240.00, 1560, 9501, 97, 7456
2026/10/07 15:07:56.747, 2, NVIDIA TITAN RTX, 31, 15.48, 240.00, 300, 405, 0, 4
2026/10/07 15:07:57.757, 0, NVIDIA GeForce RTX 3090, 58, 238.95, 240.00, 1515, 9501, 98, 7456
2026/10/07 15:07:57.758, 1, NVIDIA GeForce RTX 3090, 51, 237.85, 240.00, 1620, 9501, 98, 7456
2026/10/07 15:07:57.758, 2, NVIDIA TITAN RTX, 31, 15.41, 240.00, 300, 405, 0, 4
2026/10/07 15:07:58.769, 0, NVIDIA GeForce RTX 3090, 58, 238.23, 240.00, 1560, 9501, 98, 7456
2026/10/07 15:07:58.769, 1, NVIDIA GeForce RTX 3090, 52, 238.50, 240.00, 1575, 9501, 98, 7456
2026/10/07 15:07:58.770, 2, NVIDIA TITAN RTX, 31, 15.48, 240.00, 300, 405, 0, 4
2026/10/07 15:07:59.781, 0, NVIDIA GeForce RTX 3090, 58, 238.99, 240.00, 1605, 9501, 99, 7456
2026/10/07 15:07:59.781, 1, NVIDIA GeForce RTX 3090, 52, 237.77, 240.00, 1635, 9501, 97, 7456
2026/10/07 15:07:59.782, 2, NVIDIA TITAN RTX, 31, 15.48, 240.00, 300, 405, 0, 4
2026/10/07 15:08:00.792, 0, NVIDIA GeForce RTX 3090, 58, 238.78, 240.00, 1500, 9501, 98, 7456
2026/10/07 15:08:00.793, 1, NVIDIA GeForce RTX 3090, 52, 237.50, 240.00, 1635, 9501, 98, 7456
2026/10/07 15:08:00.793, 2, NVIDIA TITAN RTX, 31, 15.27, 240.00, 300, 405, 0, 4
2026/10/07 15:08:01.803, 0, NVIDIA GeForce RTX 3090, 58, 238.43, 240.00, 1575, 9501, 98, 7456
2026/10/07 15:08:01.804, 1, NVIDIA GeForce RTX 3090, 52, 238.33, 240.00, 1575, 9501, 98, 7456
2026/10/07 15:08:01.804, 2, NVIDIA TITAN RTX, 31, 15.31, 240.00, 300, 405, 0, 4
2026/10/07 15:08:02.815, 0, NVIDIA GeForce RTX 3090, 58, 238.90, 240.00, 1590, 9501, 98, 7456
2026/10/07 15:08:02.815, 1, NVIDIA GeForce RTX 3090, 52, 237.46, 240.00, 1635, 9501, 97, 7456
2026/10/07 15:08:02.816, 2, NVIDIA TITAN RTX, 31, 15.46, 240.00, 300, 405, 0, 4
2026/10/07 15:08:03.826, 0, NVIDIA GeForce RTX 3090, 58, 238.73, 240.00, 1515, 9501, 98, 7456
2026/10/07 15:08:03.827, 1, NVIDIA GeForce RTX 3090, 52, 237.63, 240.00, 1635, 9501, 98, 7456
2026/10/07 15:08:03.827, 2, NVIDIA TITAN RTX, 31, 15.46, 240.00, 300, 405, 0, 4
2026/10/07 15:08:04.837, 0, NVIDIA GeForce RTX 3090, 59, 238.51, 240.00, 1560, 9501, 97, 7456
2026/10/07 15:08:04.838, 1, NVIDIA GeForce RTX 3090, 53, 238.47, 240.00, 1575, 9501, 98, 7456
2026/10/07 15:08:04.838, 2, NVIDIA TITAN RTX, 31, 15.54, 240.00, 300, 405, 0, 4
2026/10/07 15:08:05.848, 0, NVIDIA GeForce RTX 3090, 59, 239.03, 240.00, 1545, 9501, 98, 7456
2026/10/07 15:08:05.849, 1, NVIDIA GeForce RTX 3090, 52, 237.35, 240.00, 1665, 9501, 96, 7456
2026/10/07 15:08:05.849, 2, NVIDIA TITAN RTX, 31, 15.58, 240.00, 300, 405, 0, 4
2026/10/07 15:08:06.860, 0, NVIDIA GeForce RTX 3090, 59, 238.43, 240.00, 1485, 9501, 97, 7456
2026/10/07 15:08:06.861, 1, NVIDIA GeForce RTX 3090, 53, 237.12, 240.00, 1680, 9501, 97, 7456
2026/10/07 15:08:06.862, 2, NVIDIA TITAN RTX, 31, 15.24, 240.00, 300, 405, 0, 4
2026/10/07 15:08:07.872, 0, NVIDIA GeForce RTX 3090, 59, 238.70, 240.00, 1560, 9501, 98, 7456
2026/10/07 15:08:07.873, 1, NVIDIA GeForce RTX 3090, 53, 238.10, 240.00, 1635, 9501, 97, 7456
2026/10/07 15:08:07.873, 2, NVIDIA TITAN RTX, 31, 15.32, 240.00, 300, 405, 0, 4
2026/10/07 15:08:08.890, 0, NVIDIA GeForce RTX 3090, 59, 239.14, 240.00, 1530, 9501, 98, 7456
2026/10/07 15:08:08.890, 1, NVIDIA GeForce RTX 3090, 53, 238.87, 240.00, 1575, 9501, 98, 7456
2026/10/07 15:08:08.890, 2, NVIDIA TITAN RTX, 31, 15.30, 240.00, 300, 405, 0, 4
2026/10/07 15:08:09.901, 0, NVIDIA GeForce RTX 3090, 59, 238.52, 240.00, 1395, 9501, 98, 7456
2026/10/07 15:08:09.902, 1, NVIDIA GeForce RTX 3090, 53, 237.31, 240.00, 1680, 9501, 96, 7456
2026/10/07 15:08:09.902, 2, NVIDIA TITAN RTX, 31, 15.40, 240.00, 300, 405, 0, 4
2026/10/07 15:08:10.913, 0, NVIDIA GeForce RTX 3090, 59, 238.82, 240.00, 1560, 9501, 97, 7456
2026/10/07 15:08:10.913, 1, NVIDIA GeForce RTX 3090, 53, 238.19, 240.00, 1605, 9501, 97, 7456
2026/10/07 15:08:10.913, 2, NVIDIA TITAN RTX, 31, 16.09, 240.00, 300, 405, 0, 4
2026/10/07 15:08:11.924, 0, NVIDIA GeForce RTX 3090, 59, 239.05, 240.00, 1530, 9501, 98, 7456
2026/10/07 15:08:11.924, 1, NVIDIA GeForce RTX 3090, 54, 238.95, 240.00, 1515, 9501, 97, 7456
2026/10/07 15:08:11.925, 2, NVIDIA TITAN RTX, 31, 15.32, 240.00, 300, 405, 0, 4
2026/10/07 15:08:12.935, 0, NVIDIA GeForce RTX 3090, 59, 237.90, 240.00, 1545, 9501, 98, 7456
2026/10/07 15:08:12.936, 1, NVIDIA GeForce RTX 3090, 53, 237.38, 240.00, 1800, 9501, 97, 7456
2026/10/07 15:08:12.937, 2, NVIDIA TITAN RTX, 31, 18.09, 240.00, 300, 405, 0, 4
2026/10/07 15:08:13.951, 0, NVIDIA GeForce RTX 3090, 60, 238.54, 240.00, 1530, 9501, 97, 7456
2026/10/07 15:08:13.951, 1, NVIDIA GeForce RTX 3090, 53, 238.17, 240.00, 1620, 9501, 98, 7456
2026/10/07 15:08:13.952, 2, NVIDIA TITAN RTX, 31, 15.29, 240.00, 300, 405, 0, 4
2026/10/07 15:08:14.962, 0, NVIDIA GeForce RTX 3090, 60, 238.75, 240.00, 1485, 9501, 98, 7456
2026/10/07 15:08:14.963, 1, NVIDIA GeForce RTX 3090, 54, 238.20, 240.00, 1590, 9501, 98, 7456
2026/10/07 15:08:14.964, 2, NVIDIA TITAN RTX, 31, 15.18, 240.00, 300, 405, 0, 4
2026/10/07 15:08:15.975, 0, NVIDIA GeForce RTX 3090, 60, 238.39, 240.00, 1560, 9501, 98, 7456
2026/10/07 15:08:15.976, 1, NVIDIA GeForce RTX 3090, 54, 237.20, 240.00, 1815, 9501, 96, 7456
2026/10/07 15:08:15.976, 2, NVIDIA TITAN RTX, 31, 15.23, 240.00, 300, 405, 0, 4
2026/10/07 15:08:16.987, 0, NVIDIA GeForce RTX 3090, 60, 239.02, 240.00, 1530, 9501, 97, 7456
2026/10/07 15:08:16.987, 1, NVIDIA GeForce RTX 3090, 54, 238.87, 240.00, 1575, 9501, 98, 7456
2026/10/07 15:08:16.988, 2, NVIDIA TITAN RTX, 31, 15.93, 240.00, 300, 405, 0, 4
2026/10/07 15:08:17.998, 0, NVIDIA GeForce RTX 3090, 60, 238.91, 240.00, 1425, 9501, 97, 7456
2026/10/07 15:08:17.999, 1, NVIDIA GeForce RTX 3090, 54, 237.70, 240.00, 1620, 9501, 98, 7456
2026/10/07 15:08:17.999, 2, NVIDIA TITAN RTX, 31, 15.93, 240.00, 300, 405, 0, 4
2026/10/07 15:08:19.010, 0, NVIDIA GeForce RTX 3090, 60, 238.45, 240.00, 1560, 9501, 98, 7456
2026/10/07 15:08:19.010, 1, NVIDIA GeForce RTX 3090, 54, 238.59, 240.00, 1695, 9501, 98, 7456
2026/10/07 15:08:19.010, 2, NVIDIA TITAN RTX, 31, 15.77, 240.00, 300, 405, 0, 4
2026/10/07 15:08:20.021, 0, NVIDIA GeForce RTX 3090, 60, 238.79, 240.00, 1545, 9501, 97, 7456
2026/10/07 15:08:20.021, 1, NVIDIA GeForce RTX 3090, 54, 238.31, 240.00, 1590, 9501, 98, 7456
2026/10/07 15:08:20.022, 2, NVIDIA TITAN RTX, 31, 15.81, 240.00, 300, 405, 0, 4
2026/10/07 15:08:21.033, 0, NVIDIA GeForce RTX 3090, 61, 238.13, 240.00, 1485, 9501, 98, 7456
2026/10/07 15:08:21.033, 1, NVIDIA GeForce RTX 3090, 54, 238.08, 240.00, 1605, 9501, 97, 7456
2026/10/07 15:08:21.034, 2, NVIDIA TITAN RTX, 31, 15.76, 240.00, 300, 405, 0, 4
2026/10/07 15:08:22.045, 0, NVIDIA GeForce RTX 3090, 61, 238.64, 240.00, 1560, 9501, 98, 7456
2026/10/07 15:08:22.046, 1, NVIDIA GeForce RTX 3090, 54, 239.10, 240.00, 1650, 9501, 98, 7456
2026/10/07 15:08:22.046, 2, NVIDIA TITAN RTX, 31, 15.93, 240.00, 300, 405, 0, 4
2026/10/07 15:08:23.057, 0, NVIDIA GeForce RTX 3090, 61, 238.71, 240.00, 1500, 9501, 97, 7456
2026/10/07 15:08:23.058, 1, NVIDIA GeForce RTX 3090, 55, 238.24, 240.00, 1545, 9501, 98, 7456
2026/10/07 15:08:23.058, 2, NVIDIA TITAN RTX, 31, 15.82, 240.00, 300, 405, 0, 4
2026/10/07 15:08:24.068, 0, NVIDIA GeForce RTX 3090, 61, 238.07, 240.00, 1425, 9501, 97, 7456
2026/10/07 15:08:24.069, 1, NVIDIA GeForce RTX 3090, 54, 238.59, 240.00, 1590, 9501, 96, 7456
2026/10/07 15:08:24.069, 2, NVIDIA TITAN RTX, 31, 16.04, 240.00, 300, 405, 0, 4
2026/10/07 15:08:25.079, 0, NVIDIA GeForce RTX 3090, 61, 239.27, 240.00, 1545, 9501, 98, 7456
2026/10/07 15:08:25.080, 1, NVIDIA GeForce RTX 3090, 55, 239.08, 240.00, 1590, 9501, 98, 7456
2026/10/07 15:08:25.080, 2, NVIDIA TITAN RTX, 31, 16.05, 240.00, 300, 405, 0, 4
2026/10/07 15:08:26.091, 0, NVIDIA GeForce RTX 3090, 61, 237.86, 240.00, 1395, 9501, 97, 7456
2026/10/07 15:08:26.091, 1, NVIDIA GeForce RTX 3090, 55, 237.43, 240.00, 1635, 9501, 98, 7456
2026/10/07 15:08:26.092, 2, NVIDIA TITAN RTX, 31, 16.00, 240.00, 300, 405, 0, 4
2026/10/07 15:08:27.102, 0, NVIDIA GeForce RTX 3090, 61, 239.00, 240.00, 1560, 9501, 99, 7456
2026/10/07 15:08:27.102, 1, NVIDIA GeForce RTX 3090, 55, 236.64, 240.00, 1845, 9501, 86, 7456
2026/10/07 15:08:27.103, 2, NVIDIA TITAN RTX, 31, 15.95, 240.00, 300, 405, 0, 4
2026/10/07 15:08:28.113, 0, NVIDIA GeForce RTX 3090, 59, 170.38, 240.00, 1950, 9501, 2, 6916
2026/10/07 15:08:28.113, 1, NVIDIA GeForce RTX 3090, 53, 148.07, 240.00, 1965, 9501, 0, 6916
2026/10/07 15:08:28.114, 2, NVIDIA TITAN RTX, 31, 15.28, 240.00, 300, 405, 0, 4
