2026/10/07 15:10:56.497, 0, NVIDIA GeForce RTX 3090, 62, 153.34, 240.00, 1935, 9751, 0, 5
2026/10/07 15:10:56.498, 1, NVIDIA GeForce RTX 3090, 51, 133.35, 240.00, 1965, 9751, 0, 5
2026/10/07 15:10:56.499, 2, NVIDIA TITAN RTX, 31, 15.22, 240.00, 300, 405, 0, 4
2026/10/07 15:10:57.511, 0, NVIDIA GeForce RTX 3090, 62, 152.25, 240.00, 1935, 9751, 0, 5
2026/10/07 15:10:57.512, 1, NVIDIA GeForce RTX 3090, 51, 132.10, 240.00, 1965, 9751, 0, 5
2026/10/07 15:10:57.512, 2, NVIDIA TITAN RTX, 31, 17.51, 240.00, 300, 405, 0, 4
2026/10/07 15:10:58.523, 0, NVIDIA GeForce RTX 3090, 60, 138.41, 240.00, 420, 5001, 0, 5
2026/10/07 15:10:58.523, 1, NVIDIA GeForce RTX 3090, 49, 130.19, 240.00, 405, 5001, 0, 5
2026/10/07 15:10:58.524, 2, NVIDIA TITAN RTX, 31, 15.37, 240.00, 300, 405, 0, 4
2026/10/07 15:10:59.534, 0, NVIDIA GeForce RTX 3090, 59, 110.04, 240.00, 270, 5001, 0, 5
2026/10/07 15:10:59.535, 1, NVIDIA GeForce RTX 3090, 48, 100.73, 240.00, 255, 5001, 0, 5
2026/10/07 15:10:59.535, 2, NVIDIA TITAN RTX, 31, 15.43, 240.00, 300, 405, 0, 4
2026/10/07 15:11:00.546, 0, NVIDIA GeForce RTX 3090, 59, 82.64, 240.00, 210, 5001, 0, 5
2026/10/07 15:11:00.546, 1, NVIDIA GeForce RTX 3090, 48, 71.10, 240.00, 210, 5001, 0, 5
2026/10/07 15:11:00.547, 2, NVIDIA TITAN RTX, 31, 15.20, 240.00, 300, 405, 0, 4
2026/10/07 15:11:01.557, 0, NVIDIA GeForce RTX 3090, 57, 33.51, 240.00, 1695, 9751, 0, 264
2026/10/07 15:11:01.558, 1, NVIDIA GeForce RTX 3090, 48, 39.35, 240.00, 1695, 9501, 3, 264
2026/10/07 15:11:01.558, 2, NVIDIA TITAN RTX, 31, 15.21, 240.00, 300, 405, 0, 4
2026/10/07 15:11:02.569, 0, NVIDIA GeForce RTX 3090, 60, 121.06, 240.00, 1695, 9501, 0, 1326
2026/10/07 15:11:02.569, 1, NVIDIA GeForce RTX 3090, 49, 108.72, 240.00, 1695, 9501, 0, 1388
2026/10/07 15:11:02.570, 2, NVIDIA TITAN RTX, 31, 15.37, 240.00, 300, 405, 0, 4
2026/10/07 15:11:03.580, 0, NVIDIA GeForce RTX 3090, 63, 157.30, 240.00, 1560, 9501, 98, 6670
2026/10/07 15:11:03.580, 1, NVIDIA GeForce RTX 3090, 53, 166.44, 240.00, 1635, 9501, 98, 6670
2026/10/07 15:11:03.581, 2, NVIDIA TITAN RTX, 31, 15.32, 240.00, 300, 405, 0, 4
2026/10/07 15:11:04.591, 0, NVIDIA GeForce RTX 3090, 64, 237.32, 240.00, 1395, 9501, 99, 7456
2026/10/07 15:11:04.591, 1, NVIDIA GeForce RTX 3090, 53, 233.46, 240.00, 1545, 9501, 99, 7456
2026/10/07 15:11:04.592, 2, NVIDIA TITAN RTX, 31, 15.42, 240.00, 300, 405, 0, 4
2026/10/07 15:11:05.602, 0, NVIDIA GeForce RTX 3090, 64, 237.29, 240.00, 1515, 9501, 98, 7456
2026/10/07 15:11:05.603, 1, NVIDIA GeForce RTX 3090, 53, 235.61, 240.00, 1635, 9501, 98, 7456
2026/10/07 15:11:05.603, 2, NVIDIA TITAN RTX, 31, 15.43, 240.00, 300, 405, 0, 4
2026/10/07 15:11:06.614, 0, NVIDIA GeForce RTX 3090, 64, 238.22, 240.00, 1545, 9501, 98, 7456
2026/10/07 15:11:06.614, 1, NVIDIA GeForce RTX 3090, 54, 238.93, 240.00, 1635, 9501, 98, 7456
2026/10/07 15:11:06.615, 2, NVIDIA TITAN RTX, 31, 15.32, 240.00, 300, 405, 0, 4
2026/10/07 15:11:07.625, 0, NVIDIA GeForce RTX 3090, 64, 238.22, 240.00, 1515, 9501, 98, 7456
2026/10/07 15:11:07.625, 1, NVIDIA GeForce RTX 3090, 54, 237.94, 240.00, 1635, 9501, 98, 7456
2026/10/07 15:11:07.626, 2, NVIDIA TITAN RTX, 31, 15.30, 240.00, 300, 405, 0, 4
2026/10/07 15:11:08.636, 0, NVIDIA GeForce RTX 3090, 64, 238.23, 240.00, 1515, 9501, 98, 7456
2026/10/07 15:11:08.636, 1, NVIDIA GeForce RTX 3090, 54, 236.47, 240.00, 1530, 9501, 98, 7456
2026/10/07 15:11:08.637, 2, NVIDIA TITAN RTX, 31, 15.31, 240.00, 300, 405, 0, 4
2026/10/07 15:11:09.648, 0, NVIDIA GeForce RTX 3090, 65, 238.75, 240.00, 1380, 9501, 98, 7456
2026/10/07 15:11:09.648, 1, NVIDIA GeForce RTX 3090, 54, 237.92, 240.00, 1515, 9501, 98, 7456
2026/10/07 15:11:09.648, 2, NVIDIA TITAN RTX, 31, 15.17, 240.00, 300, 405, 0, 4
2026/10/07 15:11:10.659, 0, NVIDIA GeForce RTX 3090, 65, 238.31, 240.00, 1530, 9501, 98, 7456
2026/10/07 15:11:10.659, 1, NVIDIA GeForce RTX 3090, 54, 237.31, 240.00, 1590, 9501, 98, 7456
2026/10/07 15:11:10.660, 2, NVIDIA TITAN RTX, 31, 15.23, 240.00, 300, 405, 0, 4
2026/10/07 15:11:11.670, 0, NVIDIA GeForce RTX 3090, 65, 238.12, 240.00, 1575, 9501, 97, 7456
2026/10/07 15:11:11.671, 1, NVIDIA GeForce RTX 3090, 54, 235.67, 240.00, 1620, 9501, 98, 7456
2026/10/07 15:11:11.671, 2, NVIDIA TITAN RTX, 31, 15.40, 240.00, 300, 405, 0, 4
2026/10/07 15:11:12.681, 0, NVIDIA GeForce RTX 3090, 65, 238.75, 240.00, 1530, 9501, 98, 7456
2026/10/07 15:11:12.682, 1, NVIDIA GeForce RTX 3090, 55, 237.30, 240.00, 1635, 9501, 97, 7456
2026/10/07 15:11:12.682, 2, NVIDIA TITAN RTX, 31, 15.41, 240.00, 300, 405, 0, 4
2026/10/07 15:11:13.693, 0, NVIDIA GeForce RTX 3090, 65, 238.48, 240.00, 1470, 9501, 98, 7456
2026/10/07 15:11:13.693, 1, NVIDIA GeForce RTX 3090, 55, 237.87, 240.00, 1695, 9501, 98, 7456
2026/10/07 15:11:13.694, 2, NVIDIA TITAN RTX, 31, 15.25, 240.00, 300, 405, 0, 4
2026/10/07 15:11:14.704, 0, NVIDIA GeForce RTX 3090, 65, 238.36, 240.00, 1545, 9501, 97, 7456
2026/10/07 15:11:14.704, 1, NVIDIA GeForce RTX 3090, 55, 237.62, 240.00, 1500, 9501, 98, 7456
2026/10/07 15:11:14.705, 2, NVIDIA TITAN RTX, 31, 15.32, 240.00, 300, 405, 0, 4
2026/10/07 15:11:15.715, 0, NVIDIA GeForce RTX 3090, 65, 237.75, 240.00, 1545, 9501, 98, 7456
2026/10/07 15:11:15.716, 1, NVIDIA GeForce RTX 3090, 55, 238.18, 240.00, 1545, 9501, 98, 7456
2026/10/07 15:11:15.716, 2, NVIDIA TITAN RTX, 31, 15.29, 240.00, 300, 405, 0, 4
2026/10/07 15:11:16.727, 0, NVIDIA GeForce RTX 3090, 65, 238.70, 240.00, 1545, 9501, 98, 7456
2026/10/07 15:11:16.727, 1, NVIDIA GeForce RTX 3090, 55, 235.35, 240.00, 1890, 9501, 98, 7456
2026/10/07 15:11:16.727, 2, NVIDIA TITAN RTX, 31, 19.10, 240.00, 300, 405, 0, 4
2026/10/07 15:11:17.738, 0, NVIDIA GeForce RTX 3090, 66, 238.17, 240.00, 1545, 9501, 98, 7456
2026/10/07 15:11:17.739, 1, NVIDIA GeForce RTX 3090, 55, 236.67, 240.00, 1605, 9501, 98, 7456
2026/10/07 15:11:17.739, 2, NVIDIA TITAN RTX, 31, 15.47, 240.00, 300, 405, 0, 4
2026/10/07 15:11:18.749, 0, NVIDIA GeForce RTX 3090, 63, 178.37, 240.00, 1935, 9501, 0, 6916
2026/10/07 15:11:18.750, 1, NVIDIA GeForce RTX 3090, 53, 197.87, 240.00, 1950, 9501, 0, 6916
2026/10/07 15:11:18.753, 2, NVIDIA TITAN RTX, 31, 15.57, 240.00, 300, 405, 0, 4
2026/10/07 15:11:19.785, 0, NVIDIA GeForce RTX 3090, 64, 153.88, 240.00, 1935, 9751, 100, 5
2026/10/07 15:11:19.785, 1, NVIDIA GeForce RTX 3090, 53, 137.78, 240.00, 1950, 9501, 0, 5
2026/10/07 15:11:19.786, 2, NVIDIA TITAN RTX, 31, 15.62, 240.00, 300, 405, 0, 4
