label,model,parameters_local,context,micro_batch,global_batch,loss_chunk_size,compile,recompute,tokens_per_second,mean_step_seconds,peak_allocated_gib_max_rank,peak_reserved_gib_max_rank,initial_heldout_loss,final_heldout_loss
50m_learn_dp2,50m,52795776,1024,4,32,,False,False,175873.98951424717,0.1863152140376365,4.058936595916748,4.33984375,10.883979797363281,4.32679557800293
130m_learn_dp2,130m,130433920,1024,4,32,,False,False,87156.57775220361,0.37596703364332723,5.97273063659668,6.328125,10.940256118774414,3.6536097526550293
50m_learn_single,50m,52795776,1024,4,32,,False,False,89828.76034011361,0.3647829478658322,3.8632469177246094,4.240234375,10.880932807922363,4.462809085845947
50m_ctx1024_mb4,50m,52795776,1024,4,64,,False,False,177502.62454459973,0.36921144218649715,3.9602622985839844,4.33984375,10.883979797363281,7.972649097442627
50m_ctx1024_mb8,50m,52795776,1024,8,64,,False,False,182650.78320351394,0.35880492188734936,7.306999206542969,8.35546875,10.883979797363281,7.964205265045166
50m_ctx1024_mb16,50m,52795776,1024,16,64,,False,False,190062.45430188952,0.34481297340244055,13.798539638519287,16.40234375,10.883979797363281,7.964399337768555
50m_ctx512_mb16,50m,52795776,512,16,32,,False,False,174266.7698572786,0.094016776769422,7.109675884246826,8.365234375,10.869843482971191,8.187515258789062
50m_ctx2048_mb4,50m,52795776,2048,4,8,,False,False,164184.043248594,0.09979045268846676,7.205035209655762,8.3125,10.882853507995605,8.0509033203125
50m_ctx4096_mb2,50m,52795776,4096,2,4,,False,False,152316.40797253698,0.10756556183332577,7.107076644897461,8.45703125,10.871723175048828,8.042835235595703
50m_ctx8192_mb1,50m,52795776,8192,1,2,,False,False,135795.4029978651,0.12065209600841627,7.208712577819824,7.322265625,10.867244720458984,8.113551139831543
130m_ctx1024_mb4,130m,130433920,1024,4,64,,False,False,88342.62243449435,0.7418389696162194,6.2152862548828125,6.328125,10.940256118774414,6.503880500793457
130m_ctx1024_mb8,130m,130433920,1024,8,64,,False,False,90862.99924024135,0.7212616857024841,10.160989761352539,10.55859375,10.940256118774414,6.533285140991211
130m_ctx1024_mb16,130m,130433920,1024,16,64,,False,False,91737.28649269164,0.7143878187984228,18.821787357330322,20.705078125,10.940256118774414,6.518036842346191
130m_ctx512_mb16,130m,130433920,512,16,32,,False,False,85762.3911389112,0.19103944960515945,9.912222385406494,10.5390625,10.933692932128906,6.744148254394531
130m_ctx2048_mb4,130m,130433920,2048,4,8,,False,False,80025.52083133256,0.20473468750715257,10.157287120819092,10.548828125,10.939311981201172,6.673009872436523
130m_ctx4096_mb2,130m,130433920,4096,2,4,,False,False,73631.54761699226,0.22251331841107458,9.920732975006104,10.5625,10.924455642700195,6.738790512084961
130m_ctx8192_mb1,130m,130433920,8192,1,2,,False,False,63187.16361477958,0.25929317068075763,9.916094303131104,10.845703125,10.919919967651367,6.533452033996582
130m_ctx4096_recompute,130m,130433920,4096,2,4,,False,True,57648.64619422967,0.2842044190387242,7.294256687164307,8.916015625,10.924455642700195,6.736063003540039
130m_ctx1024_compile,130m,130433920,1024,8,16,,True,False,95569.2251585923,0.17143594052176922,9.101733684539795,9.75,10.940359115600586,6.549817085266113
130m_ctx1024_profile,130m,130433920,1024,8,16,,False,False,18136.128911053165,0.9033901380142197,9.91395378112793,10.53515625,10.940256118774414,6.608669757843018
130m_matched_compile,130m,130433920,1024,8,16,,True,False,97873.161142295,0.1674003353808075,9.344686031341553,9.75,10.940359115600586,6.637246131896973
130m_matched_plain,130m,130433920,1024,8,16,,False,False,86108.03919590349,0.19027259420836345,9.91395378112793,10.53515625,10.940256118774414,6.614112854003906
130m_mb16_chunk4096,130m,130433920,1024,16,64,4096,False,False,88154.8616600943,0.7434190102037974,13.972267627716064,14.564453125,10.940256118774414,6.519997596740723
130m_profile_fixed,130m,130433920,1024,8,16,,False,False,18247.54212656782,0.897874348575715,9.91395378112793,10.53515625,10.940256118774414,6.619903564453125
50m_mb32_chunk4096,50m,52795776,1024,32,64,4096,False,False,147851.2342428918,0.44325636059511453,16.234660148620605,18.6875,10.883979797363281,7.9642333984375
