model_type,sequence_length,checkpoint_mode,status,local_tokens,mlp_chunk_size,peak_allocated_mib,mean_update_seconds,update_std_seconds,global_tokens_per_second,estimated_model_tflops_per_gpu
dense,8192,none,passed,4096,,1739.736328125,0.24610436154762283,0.0013804555679306151,66573.38332798945,10.368984467762875
dense,8192,full,passed,4096,4096,1478.736328125,0.24982922000344843,0.0008288041111681905,65580.79955488733,10.214386861155699
dense,8192,blocked,passed,4096,512,1478.736328125,0.3513537450344302,0.12784562440903843,46631.06692770411,7.262914764394887
moe,8192,none,passed,4096,,3251.525390625,0.3231591750518419,0.0007599729568757732,50699.47340152618,10.767341628823631
moe,8192,full,passed,4096,4096,2409.9521484375,0.3443096149712801,0.0015720257537124708,47585.078335284474,10.105919460199337
moe,8192,blocked,passed,4096,512,2424.013671875,0.4163930010399781,0.0006892381973649683,39347.44330255196,8.356445064113663
dense,16384,none,passed,8192,,2298.892578125,0.5222165370360017,0.002871675194017511,62747.91714943521,9.773157766392506
dense,16384,full,passed,8192,8192,1817.892578125,0.53034260350978,0.0024930301295833534,61786.47497512564,9.62341054800415
dense,16384,blocked,passed,8192,512,1814.017578125,0.5488232764764689,0.0015139333200756006,59705.922479045854,9.299358870925776
moe,16384,none,passed,8192,,4629.9970703125,0.6372789334855042,0.004558720932087164,51418.6147983587,10.920069864042187
moe,16384,full,passed,8192,8192,3091.8583984375,0.6749628005200066,0.004254525065143024,48547.86067432871,10.310391137381984
moe,16384,blocked,passed,8192,512,3103.06787109375,0.8357038974645548,0.001427686050770882,39210.06004568718,8.327268183931333
dense,32768,none,passed,16384,,3440.705078125,1.2894112869980745,0.0032480356029173495,50826.29620264668,7.916333067867153
dense,32768,full,passed,16384,16384,2495.205078125,1.3029439270030707,0.00014084999327572498,50298.40397716942,7.834112426328492
dense,32768,blocked,passed,16384,512,2494.205078125,1.3434684129897505,0.0010267826758752893,48781.19899682374,7.5978036481173845
moe,32768,none,passed,16384,,7411.82421875,1.4771752219530754,0.002722529433256664,44365.759069090214,9.422213929831361
moe,32768,full,passed,16384,16384,4508.9921875,1.5525765304919332,0.0004614416428351104,42211.12371139279,8.964621504795003
moe,32768,blocked,passed,16384,512,4452.06982421875,2.085255805053748,0.21345953400571135,31428.27841129582,6.674606021647906
dense,65536,none,passed,32768,,5742.330078125,3.6523368100170046,0.001064109472496131,35887.161238941095,5.589522401849066
dense,65536,full,passed,32768,32768,3973.3291015625,3.6873695795075037,0.003130667989707272,35546.20636033624,5.536417757564368
dense,65536,blocked,passed,32768,512,3978.4541015625,3.8598932859604247,0.11951978992195178,33957.41547486499,5.288959281061666
moe,65536,none,passed,32768,,12989.267578125,4.001767844543792,0.013604274184454637,32753.524215231533,6.956056170057363
moe,65536,full,passed,32768,32768,7586.3359375,4.138837674050592,0.0018837522417415199,31668.794555965913,6.725685832209262
moe,65536,blocked,passed,32768,512,7283.591796875,5.351132937998045,0.07394767295947798,24494.252248765173,5.20198661268732
dense,131072,none,passed,65536,,10374.8291015625,11.83849282853771,0.03070088579199618,22143.359276957894,3.4488880830296766
dense,131072,full,passed,65536,65536,7108.4541015625,11.949080885038711,0.01706158428370645,21938.423760125945,3.416968822137463
dense,131072,blocked,passed,65536,512,7110.0791015625,12.228023291449063,0.005472410360199502,21437.970287750002,3.339021840588721
moe,131072,none,oom,,,,,,,
moe,131072,full,passed,65536,65536,13784.88671875,13.004435362992808,0.002825754226931368,20158.045519299718,4.2810812048620575
moe,131072,blocked,passed,65536,512,13099.99267578125,16.47318541147979,0.3011756656797433,15913.376402436275,3.3796161714755373
dense,262144,none,passed,131072,,19895.5791015625,43.32049905351596,0.002851612388627627,12102.538323769564,1.8850030691907371
dense,262144,full,passed,131072,131072,13382.3291015625,43.39451766147977,0.06589507517419843,12081.894862617575,1.8817877942963956
dense,262144,blocked,passed,131072,512,13379.8291015625,44.288959884492215,0.33246764389994754,11837.893718149373,1.843783956266379
moe,262144,full,oom,,,,,,,
moe,262144,blocked,oom,,,,,,,
dense,524288,none,oom,,,,,,,
dense,524288,full,oom,,,,,,,
dense,524288,blocked,oom,,,,,,,
