routing,experts,backend,steps,warmup_steps_excluded,peak_allocated_mib,mean_update_seconds,update_std_seconds,global_tokens_per_second,estimated_model_tflops_per_gpu
natural,4,batched,8,2,2409.9521484375,0.34473615997315693,0.0015422822403653993,47526.20091050428,10.093415319538682
natural,4,grouped,8,2,2354.93115234375,0.35128460129878175,0.0005654484995395595,46640.24537205588,9.905259796208627
natural,8,batched,8,2,2996.0029296875,0.36388333432842046,0.002066654724559907,45025.42011229547,9.562309976888201
natural,8,grouped,8,2,2960.62060546875,0.371669248988231,0.0007909363585611083,44082.20492978908,9.36199389038554
natural,16,batched,8,2,4280.361328125,0.405644971508688,0.006134901073279513,40389.99901579969,8.577858676099662
natural,16,grouped,8,2,4124.40234375,0.4125132694995652,0.0011306366099395064,39717.510226703795,8.435038326144483
natural,32,batched,8,2,6694.294921875,0.4759993576638711,0.004944312311929859,34420.214515435604,7.310020869248965
natural,32,grouped,8,2,6474.82421875,0.5177228541579098,0.07247660433038691,31646.275354502206,6.7209032986028925
natural,64,batched,8,2,11917.701171875,0.6246085716799522,0.01577223955862746,26230.827982288913,5.570793287247617
natural,64,grouped,8,2,11127.49609375,0.6375033837005807,0.004481373682071023,25700.255745928956,5.458112579848304
forced,4,batched,8,2,2268.4521484375,0.3711962296317021,0.0010977777127348515,44138.37935869142,9.373923980112611
forced,4,grouped,8,2,2046.8310546875,0.3336767533328384,0.0006033475302615835,49101.41277854368,10.42795221278474
forced,8,batched,8,2,2646.888671875,0.43282202099605155,0.0013004198065045764,37853.89653302659,8.039251862149921
forced,8,grouped,8,2,2197.0185546875,0.33413314615609124,0.0009464484748248806,49034.34510608585,10.413708661655829
forced,16,batched,8,2,3643.263671875,0.5624393623050613,0.0018640202708105746,29130.25136230328,6.18656067031226
forced,16,grouped,8,2,2496.8935546875,0.3350279922209059,0.0012482176619849567,48903.37637577745,10.385894071733848
forced,32,batched,8,2,5659.263671875,0.8266169415049566,0.00213670688611813,19820.54707246979,4.2094046995178065
forced,32,grouped,8,2,3096.2685546875,0.3663163183179374,0.07014580949504329,44726.372210860165,9.498799437190174
forced,64,batched,8,2,9680.763671875,1.3602873398534332,0.00350561804252905,12044.514066980382,2.5579634069423247
forced,64,grouped,8,2,4291.1435546875,0.34102122167435783,0.002278489018575457,48043.93087197702,10.203368638432266
forced,32,batched,16,4,5658.638671875,0.8318978374882136,0.002608035259503767,19694.72603687605,4.182683355420189
forced,32,grouped,16,4,3098.1435546875,0.354088865579494,0.052053430338430365,46270.87037370212,9.82681348247825
natural,32,batched,16,4,6764.630859375,0.4890665715017046,0.0070424441655222506,33500.55177497016,7.114706751655122
natural,32,grouped,16,4,6483.1435546875,0.5166412625888673,0.09753357694933708,31712.527020974816,6.734973549801359
