rank,start_seconds,end_seconds,attention,gemm,routing,other,nccl,idle
0,0.0,0.05,24.397674072265623,5.489696533203125,0.0,8.090617431640625,35.52992602539062,26.492085937499997
0,0.05,0.1,25.243548095703126,11.676524169921874,1.184239501953125,12.415666748046874,22.8423037109375,26.6377177734375
0,0.1,0.15,25.1497900390625,7.230096435546875,1.19095068359375,9.932640380859375,47.13648217773437,9.360040283203125
0,0.15,0.2,0.0,9.751263671875,1.103412353515625,6.257666748046875,54.55173608398437,28.335921142578123
0,0.2,0.25,25.085216064453125,6.195616943359375,0.085749755859375,8.74053662109375,37.83054614257813,22.06233447265625
0,0.25,0.3,26.372426025390627,11.60775390625,1.1857719726562501,12.45706396484375,20.5482021484375,27.828781982421873
0,0.3,0.35,24.98083203125,7.301451416015626,1.18704638671875,9.998045166015626,47.861218017578125,8.671406982421875
0,0.35,0.4,0.0,9.857010986328126,1.1924931640625,6.3944980468749995,56.06357983398438,26.492417968749997
0,0.4,0.45,25.05827197265625,5.74137939453125,0.0,8.472704345703125,39.637670166015624,21.08997412109375
0,0.45,0.5,25.093214111328127,11.671478515625001,1.19703369140625,12.536421630859376,21.573207763671874,27.92864428710938
0,0.5,0.55,0.0,13.991690673828124,1.18813818359375,30.686333251953123,46.01563012695313,8.118207763671876
0,0.55,0.6,0.0,23.814650634765623,0.0,71.91239990234375,0.0,4.272949462890625
0,0.6,0.65,0.0,24.30104541015625,0.0,71.2736728515625,0.0,4.4252817382812495
0,0.65,0.7,0.0,21.84318505859375,0.0,75.42389526367187,0.02835205078125,2.704567626953125
0,0.7,0.75,0.0,22.18054052734375,0.0,75.17773681640625,0.0,2.64172265625
0,0.75,0.8,0.0,22.220972900390628,0.0,75.22938110351562,0.0,2.54964599609375
0,0.8,0.85,0.0,22.182256103515623,0.0,75.21041748046875,0.0,2.607326416015625
0,0.85,0.9,0.0,22.27518798828125,0.0,75.17162280273438,0.0,2.5531892089843753
0,0.9,0.95,0.0,22.146990722656252,0.0,75.25736254882813,0.0,2.595646728515625
0,0.95,1.0,0.0,22.412274414062498,0.0,75.051517578125,0.0,2.5362080078125
0,1.0,1.05,0.0,35.00210498046875,2.0267165527343747,50.678758056640625,0.0,12.29242041015625
0,1.05,1.1,34.28405224609375,13.120566406250001,0.0,11.856732666015626,0.0,40.738648681640626
0,1.1,1.15,28.935889892578125,0.0,0.0,1.6461843261718752,69.40365795898438,0.014267822265624999
0,1.15,1.2,0.0,9.29188232421875,0.8218059082031249,9.657313232421876,73.923498046875,6.30550048828125
0,1.2,1.25,6.859026123046876,24.135822265625002,1.154028076171875,19.019260986328124,0.0,48.83186254882813
0,1.25,1.3,54.48043383789063,0.0,0.0,1.639654052734375,43.865447998046875,0.014464111328125001
0,1.3,1.35,0.0,0.0,0.0,0.0,100.0,0.0
0,1.35,1.4,0.0,29.5047900390625,1.9647531738281252,23.334522216796874,2.881617919921875,42.31431665039062
0,1.4,1.45,60.029660156249996,4.0714267578125,0.0,7.0010393066406245,16.227818115234374,12.670055664062499
0,1.45,1.5,0.0,0.0,0.0,0.0,100.0,0.0
0,1.5,1.55,0.0,24.23768115234375,1.964833740234375,19.454461914062502,30.89767578125,23.445347412109374
0,1.55,1.6,45.941426025390626,9.620834228515625,0.0,9.267313720703125,0.0,35.170426025390626
0,1.6,1.65,15.464785888671875,0.0,0.0,1.6528359375,82.86669799804687,0.01568017578125
0,1.65,1.7,0.0,14.472122802734374,1.3063415527343751,12.783699951171876,62.54720800781251,8.890627685546875
0,1.7,1.75,18.634670166015624,19.05664892578125,0.664564208984375,15.765203125,0.0,45.87891357421875
0,1.75,1.8,42.586137939453124,0.0,0.0,1.6472060546875,55.751937988281256,0.014718017578125
0,1.8,1.85,0.0,1.973088134765625,0.011327880859375,5.12253564453125,91.69374194335937,1.199306396484375
0,1.85,1.9,0.0,29.627282958984374,1.96380859375,19.6751904296875,0.0,48.73371801757813
0,1.9,1.95,61.56160205078125,2.002077392578125,0.0,5.5474831542968746,25.754730224609375,5.134107177734375
0,1.95,2.0,0.0,0.0,0.0,0.0,100.0,0.0
0,2.0,2.05,0.0,25.963814208984378,1.96982568359375,20.777912353515624,20.67861376953125,30.609833984375
0,2.05,2.1,59.220662109375,7.693935791015625,0.0,7.94099365234375,0.0,25.144408447265626
0,2.1,2.15,0.901283935546875,0.0,0.0,1.6407421875000001,97.44434204101563,0.0136318359375
0,2.15,2.2,0.0,19.409079345703127,1.79984375,15.935377441406251,51.758812011718746,11.096887451171874
0,2.2,2.25,30.731843994140622,14.2446953125,0.17568017578125,12.620992431640627,0.0,42.2267880859375
0,2.25,2.3,30.218442138671875,0.0,0.0,1.65667578125,68.10997192382813,0.01491015625
0,2.3,2.35,8.171316162109376,2.8796940917968747,0.0,9.163247070312499,79.39541796875001,0.39032470703125
0,2.35,2.4,16.511537841796876,4.858519531250001,0.0,4.8621457519531255,53.71289208984374,20.05490478515625
0,2.4,2.45,25.201181884765628,11.203710693359376,1.191407470703125,12.327531005859376,20.466283935546876,29.609885009765623
0,2.45,2.5,24.989087890625,7.98054833984375,1.18864599609375,10.242128173828124,38.65620190429688,16.943387695312502
0,2.5,2.55,0.0,0.0,0.0,0.0,0.0,100.0
0,2.55,2.6,0.0,0.0,0.0,0.0,0.0,100.0
0,2.6,2.65,0.0,0.0,0.0,0.0,0.0,100.0
0,2.65,2.7,0.0,3.1504157714843752,0.0,2.012457763671875,0.0,94.83712646484375
0,2.7,2.75,18.572588134765624,6.60820751953125,1.182513671875,7.6296181640625,53.02849414062501,12.978578369140624
0,2.75,2.8,5.548289794921875,6.776885253906249,0.406458251953125,6.569380126953125,53.2186357421875,27.480350830078127
0,2.8,2.85,25.682516113281253,9.716657958984374,0.7840500488281251,10.7172333984375,25.855920166015622,27.243622314453127
0,2.85,2.9,25.380634033203126,10.025253173828125,1.18858544921875,11.07149365234375,27.032355712890627,25.301677978515624
0,2.9,2.95,12.712962158203126,8.285049560546875,1.191533935546875,9.04221630859375,53.91808203125,14.850156005859375
0,2.95,3.0,13.200143798828126,5.363781982421875,0.10982006835937501,5.76156494140625,51.052337890625,24.512351318359375
0,3.0,3.05,25.410394042968747,10.95102197265625,1.07582568359375,11.50348046875,23.298761962890623,27.760515869140622
0,3.05,3.1,0.0,16.878814208984373,1.18341015625,39.832427978515625,31.736869873046874,10.368477783203126
0,3.1,3.15,0.0,24.686373046874998,0.0,71.01845556640625,0.0,4.29517138671875
0,3.15,3.2,0.0,24.5312294921875,0.0,71.09690625,0.029246093750000004,4.3426181640624995
0,3.2,3.25,0.0,22.204294189453126,0.0,75.24663940429687,0.0,2.54906640625
0,3.25,3.3,0.0,22.47865966796875,0.0,74.9757705078125,0.0,2.54556982421875
0,3.3,3.35,0.0,22.385162109375003,0.0,75.0281484375,0.0,2.586689453125
0,3.35,3.4,0.0,22.540369873046874,0.0,74.90628515625,0.0,2.553344970703125
0,3.4,3.45,0.0,22.538113525390624,0.0,74.90111181640626,0.0,2.560774658203125
0,3.45,3.5,0.0,22.507836181640624,0.0,74.91628344726563,0.0,2.57588037109375
0,3.5,3.55,0.0,22.604453125000003,0.0,74.84424780273437,0.0,2.551299072265625
0,3.55,3.6,0.0,33.97202709960938,2.01801171875,46.14323315429687,0.0,17.86672802734375
0,3.6,3.65,36.087312011718744,12.409019775390625,0.0,10.9387197265625,0.0,40.56494848632812
0,3.65,3.7,25.758322021484375,0.0,0.0,1.651046142578125,72.57559423828125,0.01503759765625
0,3.7,3.75,0.0,9.474086181640624,0.8173940429687501,9.924443603515625,71.35668383789063,8.427392333984375
0,3.75,3.8,7.362505859375,24.184700927734376,1.1516618652343749,18.928516845703125,0.0,48.37261450195312
0,3.8,3.85,54.09894213867188,0.0,0.0,1.65360595703125,44.232480224609375,0.0149716796875
0,3.85,3.9,0.0,0.0,0.0,0.0,100.0,0.0
0,3.9,3.95,0.0,29.774722167968747,1.969570068359375,23.5836787109375,2.6951398925781254,41.97688916015625
0,3.95,4.0,61.52935180664062,3.8491572265625003,0.0,6.908363525390625,16.029520263671877,11.683607177734375
0,4.0,4.05,0.0,0.0,0.0,0.0,100.0,0.0
0,4.05,4.1,0.0,24.337130126953124,1.9750690917968752,19.834555908203125,30.899057861328128,22.954187011718748
0,4.1,4.15,51.264746093750006,9.17955615234375,0.0,9.049592041015625,0.0,30.506105712890623
0,4.15,4.2,10.15702197265625,0.0,0.0,1.644260009765625,88.18457421875,0.014143798828125
0,4.2,4.25,0.0,15.04365576171875,1.3037880859375,13.294448486328125,58.11815991210938,12.23994775390625
0,4.25,4.3,20.09902197265625,18.49197216796875,0.6632255859375,15.589813476562501,0.0,45.155966796875
0,4.3,4.35,39.8473779296875,0.0,0.0,1.6360061035156253,58.50298413085937,0.0136318359375
0,4.35,4.4,0.0,2.603870361328125,0.0883818359375,5.6020793457031255,89.18359790039062,2.522070556640625
0,4.4,4.45,0.0,29.468995849609374,1.8831000976562502,19.574486328124998,0.0,49.07341772460938
0,4.45,4.5,61.160078125,1.84636572265625,0.0,5.468389404296875,27.011956054687502,4.513210693359375
0,4.5,4.55,0.0,0.0,0.0,0.0,100.0,0.0
0,4.55,4.6,0.0,26.45811376953125,1.967325927734375,21.173049560546875,19.827921875,30.5735888671875
0,4.6,4.65,61.24801196289062,7.052363525390624,0.0,7.75566845703125,0.0,23.9439560546875
0,4.65,4.7,0.0,0.0,0.0,1.48053369140625,98.50781811523439,0.011648193359375
0,4.7,4.75,0.0,20.78090771484375,1.91797998046875,16.689580322265627,47.23569189453125,13.375840087890625
0,4.75,4.8,31.74851611328125,12.619175537109376,0.05427197265625001,12.067073974609375,0.0,43.51096240234375
0,4.8,4.85,29.400423828125,0.0,0.0,1.6443896484375002,68.94085009765625,0.014336425781249999
0,4.85,4.9,0.0,1.92451220703125,0.0,6.3542673339843745,82.46774609375001,9.253474365234375
0,4.9,4.928233916015625,0.0,0.0,0.0,45.50827904991538,36.802605655944184,17.689115294140436
1,0.0,0.05,70.71056616210937,4.019144775390624,0.0,7.255163818359375,0.0,18.015125244140627
1,0.05,0.1,63.48194995117188,9.856134765625,1.206694091796875,10.172831054687501,0.041407958984375,15.240982177734374
1,0.1,0.15,43.747912109375,12.875340576171876,1.200292236328125,13.236201660156249,0.280249755859375,28.660003662109375
1,0.15,0.2,51.955312011718746,10.751552490234376,1.073326171875,8.946960693359376,0.039422119140625,27.233426513671876
1,0.2,0.25,77.98768603515624,3.85049169921875,0.1220458984375,7.561659179687499,0.00038403320312500004,10.477733154296875
1,0.25,0.3,60.251269775390625,10.1982900390625,1.1967099609375,10.3346044921875,0.059072021484375,17.9600537109375
1,0.3,0.35,45.51590209960937,12.986095458984376,1.2065720214843751,13.502269775390625,0.04006201171875,26.7490986328125
1,0.35,0.4,51.268406005859376,11.40823974609375,1.1972302246093751,9.196370605468749,0.040510009765625,26.88924340820312
1,0.4,0.45,77.37701000976563,3.652158935546875,0.0,7.194913818359375,0.00038403320312500004,11.775533203125
1,0.45,0.5,61.939673828124995,9.68540673828125,1.200740478515625,10.157393798828124,0.038400146484375,16.978385009765624
1,0.5,0.55,15.803152099609374,20.013730712890627,1.2082961425781251,35.05608837890625,0.04089404296875,27.877838623046873
1,0.55,0.6,0.0,23.95970166015625,0.0,71.67631152343749,0.0,4.36398681640625
1,0.6,0.65,0.0,24.159506591796877,0.0,71.43692041015625,0.0,4.403572998046875
1,0.65,0.7,0.0,21.882576904296876,0.0,75.36260180664063,0.057533935546875005,2.697287353515625
1,0.7,0.75,0.0,22.063747802734373,0.0,75.34111376953125,0.0,2.595138427734375
1,0.75,0.8,0.0,22.244288330078124,0.0,75.15280981445312,0.0,2.6029018554687497
1,0.8,0.85,0.0,22.0193896484375,0.0,75.38684204101563,0.0,2.593768310546875
1,0.85,0.9,0.0,22.528296875000002,0.0,74.81041381835938,0.0,2.661289306640625
1,0.9,0.95,0.0,22.497322998046876,0.0,74.90225561523437,0.0,2.6004213867187502
1,0.95,1.0,0.0,22.132263671875,0.0,75.25994677734374,0.0,2.60778955078125
1,1.0,1.05,0.0,34.07943676757812,2.0075205078125,49.705340087890626,0.0,14.20770263671875
1,1.05,1.1,37.36297216796875,12.604777587890625,0.0,11.1491015625,0.0,38.88314868164062
1,1.1,1.15,86.74615185546874,0.0,0.0,2.0866203613281247,11.145916015625,0.021311767578124998
1,1.15,1.2,67.88807983398438,9.892940185546875,0.704502685546875,11.436083984375001,4.347572021484375,5.7308212890625
1,1.2,1.25,4.401457763671876,26.627298828125,1.29232421875,19.396041015625002,0.0,48.282878173828124
1,1.25,1.3,91.33352807617187,0.0,0.0,2.130840087890625,6.513741943359374,0.021889892578125
1,1.3,1.35,96.74937817382812,0.0,0.0,1.655265869140625,1.581083984375,0.01427197265625
1,1.35,1.4,0.0,32.441989501953124,2.00130908203125,23.479921875000002,2.8586459960937503,39.218133544921876
1,1.4,1.45,68.13875610351563,4.3633188476562506,0.0,7.6970625,6.621068115234376,13.17979443359375
1,1.45,1.5,100.0,0.0,0.0,0.0,0.0,0.0
1,1.5,1.55,24.8238720703125,26.717849365234375,1.995533203125,21.29562451171875,4.386739990234375,20.780380859375
1,1.55,1.6,44.608756103515624,10.21487841796875,0.0,9.622446533203124,0.0,35.5539189453125
1,1.6,1.65,91.28777001953125,0.0,0.0,2.1190678710937503,6.572300048828125,0.020862060546875
1,1.65,1.7,56.45164794921875,15.651630126953126,1.1994023437499999,14.526341064453124,4.40773193359375,7.7632465820312495
1,1.7,1.75,15.22139013671875,21.3888759765625,0.795635986328125,16.42461083984375,0.0,46.16948706054688
1,1.75,1.8,91.41160595703126,0.0,0.0,2.081818115234375,6.486092041015625,0.02048388671875
1,1.8,1.85,85.55997998046875,2.25052197265625,0.00972802734375,6.834878662109375,4.444466064453125,0.90042529296875
1,1.85,1.9,0.0,32.2063232421875,1.9950981445312501,19.739082275390622,0.0,46.05949633789063
1,1.9,1.95,78.90812573242188,2.3052551269531247,0.0,6.2489167480468755,6.605258056640626,5.9324443359375
1,1.95,2.0,100.0,0.0,0.0,0.0,0.0,0.0
1,2.0,2.05,14.603802001953126,28.7578837890625,1.9996513671875,22.70584814453125,4.3862900390625,27.546524658203126
1,2.05,2.1,57.90563403320312,8.166971435546875,0.0,8.24387890625,0.0,25.683515625
1,2.1,2.15,91.3406298828125,0.0,0.0,2.0990380859375,6.5383798828125,0.0219521484375
1,2.15,2.2,45.63830786132812,21.053642333984374,1.6973791503906248,17.3772685546875,4.430833984375,9.802568115234376
1,2.2,2.25,28.805239990234377,16.069035400390625,0.30347973632812497,13.511809814453123,0.0,41.31043505859375
1,2.25,2.3,91.27836206054688,0.0,0.0,2.0846984863281253,6.615756103515626,0.021183349609375002
1,2.3,2.35,80.90689379882812,3.295300048828125,0.0,11.0412314453125,4.3683720703125,0.38820263671875
1,2.35,2.4,74.0633623046875,4.361010986328125,0.0,4.37342919921875,0.0,17.202197509765625
1,2.4,2.45,70.14363403320313,8.47279931640625,1.19959423828125,9.608067626953124,0.040255859374999994,10.535648925781251
1,2.45,2.5,45.07001977539063,12.606814697265625,1.191147705078125,13.422226806640625,0.040320068359375,27.669470947265623
1,2.5,2.55,40.89758813476562,1.237737548828125,0.0,2.602578125,0.0,55.26209619140625
1,2.55,2.6,0.0,0.0,0.0,0.0,0.0,100.0
1,2.6,2.65,0.0,0.0,0.0,0.0,0.0,100.0
1,2.65,2.7,0.0,0.0,0.0,0.0,0.0,100.0
1,2.7,2.75,16.7142138671875,9.74191015625,1.183659423828125,9.65755810546875,0.080701904296875,62.621956542968746
1,2.75,2.8,58.19884008789062,7.34052294921875,0.40517578125,7.398336181640625,0.101181884765625,26.555943115234378
1,2.8,2.85,77.97667797851562,5.7504541015625,0.7890441894531249,8.824560546875,0.00038403320312500004,6.658879150390624
1,2.85,2.9,47.2048359375,12.2937177734375,1.200177978515625,11.021169677734376,0.08729370117187499,28.192804931640623
1,2.9,2.95,43.73922802734375,12.334315673828126,1.193643798828125,12.732267089843749,0.0401279296875,29.96041748046875
1,2.95,3.0,63.792998046875006,5.654406982421875,0.1110380859375,6.47935302734375,0.039424072265625,23.92277978515625
1,3.0,3.05,78.92053393554687,7.037314208984374,1.088557861328125,8.02049365234375,0.00115185546875,4.931948486328125
1,3.05,3.1,0.0,23.093108642578127,1.19562841796875,43.89065258789063,0.05446411132812501,31.766146240234377
1,3.1,3.15,0.0,24.28462353515625,0.0,71.36876049804688,0.0,4.3466159667968745
1,3.15,3.2,0.0,24.114013671875,0.0,70.95605541992187,0.630902099609375,4.29902880859375
1,3.2,3.25,0.0,21.9223701171875,0.0,75.55171630859375,0.0,2.52591357421875
1,3.25,3.3,0.0,22.005760498046875,0.0,75.38898706054688,0.0,2.60525244140625
1,3.3,3.35,0.0,22.196901611328123,0.0,75.21210327148438,0.0,2.5909951171875
1,3.35,3.4,0.0,21.914465576171875,0.0,75.50916015625,0.0,2.576374267578125
1,3.4,3.45,0.0,22.120654052734377,0.0,75.31568310546875,0.0,2.563662841796875
1,3.45,3.5,0.0,22.149168212890626,0.0,75.2579453125,0.0,2.592886474609375
1,3.5,3.55,0.0,21.947342529296876,0.0,75.46988745117189,0.0,2.58277001953125
1,3.55,3.6,0.0,33.26100268554688,2.0089819335937498,41.0766044921875,0.0,23.653410888671875
1,3.6,3.65,45.2711201171875,10.739340332031249,0.0,9.88383642578125,0.0,34.105703125
1,3.65,3.7,82.11052001953125,0.0,0.0,2.09206005859375,15.774382080078125,0.023037841796875
1,3.7,3.75,65.31971020507812,10.720133056640625,0.7314450683593751,11.53181494140625,4.34443603515625,7.352460693359375
1,3.75,3.8,6.151455810546875,26.03807275390625,1.26839794921875,19.603439453125,0.0,46.93863403320312
1,3.8,3.85,91.26543212890626,0.0,0.0,2.115803955078125,6.597580078125,0.021183837890624998
1,3.85,3.9,96.59714184570312,0.0,0.0,1.6503400878906251,1.7381838378906251,0.014334228515625
1,3.9,3.95,0.0,32.65285400390625,2.0001591796875,23.924635253906253,2.6715322265625,38.7508193359375
1,3.95,4.0,68.2179482421875,4.39545263671875,0.0,7.738345703125001,6.586315917968751,13.0619375
1,4.0,4.05,100.0,0.0,0.0,0.0,0.0,0.0
1,4.05,4.1,24.764803955078126,27.150653564453126,2.00136376953125,21.638846435546874,4.4431220703125005,20.001210205078124
1,4.1,4.15,49.338828125,9.899662353515625,0.0,9.443401123046876,0.0,31.3181083984375
1,4.15,4.2,91.28808984375,0.0,0.0,2.1326337890625,6.556174072265625,0.023102294921875
1,4.2,4.25,52.099264160156245,16.176679687500002,1.326751953125,14.61440087890625,4.32914208984375,11.45376123046875
1,4.25,4.3,18.875718017578123,20.2966845703125,0.668398193359375,16.26243017578125,0.0,43.89676904296875
1,4.3,4.35,91.38786206054688,0.0,0.0,2.098135986328125,6.4924299316406255,0.021572021484375
1,4.35,4.4,83.1087958984375,2.844860107421875,0.090048095703125,7.34521533203125,4.384818115234375,2.2262624511718747
1,4.4,4.45,0.0,32.08077563476562,1.90198095703125,19.75272607421875,0.0,46.26451733398437
1,4.45,4.5,79.74287402343751,2.19458251953125,0.0,6.1640634765625,6.4945439453125005,5.40393603515625
1,4.5,4.55,100.0,0.0,0.0,0.0,0.0,0.0
1,4.55,4.6,13.737407958984374,29.111625000000004,1.9922272949218751,23.051698974609376,4.398577880859375,27.708462890625
1,4.6,4.65,59.366946044921875,7.91290625,0.0,8.08530517578125,0.0,24.634842529296876
1,4.65,4.7,91.36161987304688,0.0,0.0,2.1200922851562503,6.49710205078125,0.021185791015625
1,4.7,4.75,41.1736259765625,22.50335302734375,1.82077392578125,18.258404785156248,4.37752392578125,11.866318359375
1,4.75,4.8,30.022087890625,14.415681396484375,0.17823388671875,12.779022460937501,0.0,42.604974365234376
1,4.8,4.85,91.33391015625,0.0,0.0,2.137820068359375,6.505741943359375,0.02252783203125
1,4.85,4.9,71.34592602539063,2.213531982421875,0.0,8.163962890625,8.934991943359375,9.341587158203126
1,4.9,4.928446079956054,0.0,0.0,0.0,46.69668539695014,35.00978866322214,18.293525939827727
